{"loss": [1.7281485795974731, 1.639479398727417, 1.5972223281860352, 1.579656720161438, 1.5188076496124268, 1.5182640552520752, 1.4804487228393555, 1.4552607536315918, 1.3939504623413086, 1.3824467658996582, 1.3178941011428833, 1.2652323246002197, 1.2439732551574707, 1.194090485572815, 1.1578490734100342, 1.1274057626724243, 1.135451316833496, 1.0774275064468384, 1.1010035276412964, 1.040045976638794, 1.0015708208084106, 1.0211962461471558, 0.9998680353164673, 1.001756191253662, 0.9673093557357788, 0.9611355066299438, 0.9078841209411621, 0.9251170754432678, 0.9191012382507324, 0.8918056488037109, 0.8621076345443726, 0.891837477684021, 0.8770502805709839, 0.8336653709411621, 0.8086122274398804, 0.820435643196106, 0.7826045155525208, 0.7799868583679199, 0.7893543243408203, 0.773415207862854, 0.7733093500137329, 0.7409807443618774, 0.7255057692527771, 0.714597225189209, 0.6939637660980225, 0.7072951793670654, 0.6775363087654114], "accuracy": [0.19971264898777008, 0.24281609058380127, 0.26580458879470825, 0.2916666567325592, 0.32902297377586365, 0.34770116209983826, 0.35775861144065857, 0.39080458879470825, 0.4281609058380127, 0.3936781585216522, 0.4597701132297516, 0.45402297377586365, 0.4669540226459503, 0.49281609058380127, 0.5057471394538879, 0.5129310488700867, 0.5244252681732178, 0.5416666865348816, 0.5201149582862854, 0.5617815852165222, 0.5646551847457886, 0.568965494632721, 0.584770143032074, 0.5747126340866089, 0.6106321811676025, 0.602011501789093, 0.625, 0.584770143032074, 0.6163793206214905, 0.6264367699623108, 0.6522988677024841, 0.6393678188323975, 0.6264367699623108, 0.6867815852165222, 0.6681034564971924, 0.6609195470809937, 0.6867815852165222, 0.6882184147834778, 0.6537356376647949, 0.6954023241996765, 0.6867815852165222, 0.7112069129943848, 0.6882184147834778, 0.693965494632721, 0.7183908224105835, 0.7068965435028076, 0.7413793206214905], "val_loss": [1.5641778707504272, 1.5652596950531006, 1.5258629322052002, 1.5040425062179565, 1.4738646745681763, 1.4433984756469727, 1.4096091985702515, 1.3554446697235107, 1.311941146850586, 1.2675697803497314, 1.2107887268066406, 1.1757665872573853, 1.1200367212295532, 1.13027822971344, 1.0703529119491577, 1.1024158000946045, 1.060011863708496, 1.0361310243606567, 1.047279953956604, 1.0320284366607666, 0.9892362952232361, 1.0137388706207275, 0.9650086164474487, 0.9757826924324036, 0.9604994654655457, 0.9463418126106262, 0.9500200152397156, 0.9654053449630737, 0.9254811406135559, 0.933699369430542, 0.9592553973197937, 0.9213140606880188, 0.9123711585998535, 0.9250566363334656, 0.8910059928894043, 0.9181589484214783, 0.8850495219230652, 0.875179648399353, 0.8874362111091614, 0.8694636225700378, 0.884840726852417, 0.8660581707954407, 0.8593287467956543, 0.8549687266349792, 0.8756555914878845, 0.8802711963653564, 0.8838896155357361], "val_accuracy": [0.261904776096344, 0.2261904776096344, 0.25, 0.25, 0.2380952388048172, 0.2976190447807312, 0.369047611951828, 0.4285714328289032, 0.4047619104385376, 0.4642857015132904, 0.523809552192688, 0.523809552192688, 0.523809552192688, 0.511904776096344, 0.523809552192688, 0.5, 0.523809552192688, 0.5595238208770752, 0.5357142686843872, 0.511904776096344, 0.5476190447807312, 0.5357142686843872, 0.523809552192688, 0.511904776096344, 0.523809552192688, 0.511904776096344, 0.511904776096344, 0.5, 0.523809552192688, 0.5357142686843872, 0.523809552192688, 0.523809552192688, 0.5833333134651184, 0.511904776096344, 0.5595238208770752, 0.523809552192688, 0.523809552192688, 0.523809552192688, 0.523809552192688, 0.5357142686843872, 0.5357142686843872, 0.5714285969734192, 0.5833333134651184, 0.5476190447807312, 0.5476190447807312, 0.6190476417541504, 0.5833333134651184]}