{"loss": [1.7639745473861694, 1.6811251640319824, 1.6753168106079102, 1.6255922317504883, 1.6138710975646973, 1.5914769172668457, 1.5540492534637451, 1.5338892936706543, 1.510024905204773, 1.4980278015136719, 1.4301239252090454, 1.4281114339828491, 1.3979053497314453, 1.3824042081832886, 1.3522717952728271, 1.3225666284561157, 1.3369024991989136, 1.308887243270874, 1.2971256971359253, 1.2759195566177368, 1.2649480104446411, 1.259011149406433, 1.234671711921692, 1.2128037214279175, 1.1969164609909058, 1.2179957628250122, 1.1595433950424194, 1.172003984451294, 1.1782653331756592, 1.1458572149276733, 1.1542376279830933, 1.1305644512176514, 1.1430619955062866], "accuracy": [0.2298850566148758, 0.24425287544727325, 0.23563218116760254, 0.25431033968925476, 0.24137930572032928, 0.26436781883239746, 0.27442529797554016, 0.3002873659133911, 0.29885056614875793, 0.3204022943973541, 0.38074713945388794, 0.35775861144065857, 0.3563218414783478, 0.3764367699623108, 0.395114928483963, 0.4152298867702484, 0.397988498210907, 0.42097702622413635, 0.4166666567325592, 0.38936781883239746, 0.43103447556495667, 0.4367816150188446, 0.45258620381355286, 0.44109195470809937, 0.4913793206214905, 0.4454022943973541, 0.49568966031074524, 0.4612068831920624, 0.4712643623352051, 0.4885057508945465, 0.5129310488700867, 0.5057471394538879, 0.5043103694915771], "val_loss": [1.6076140403747559, 1.5647073984146118, 1.5478864908218384, 1.531556487083435, 1.514084815979004, 1.4977232217788696, 1.4748079776763916, 1.4540607929229736, 1.4328479766845703, 1.4149173498153687, 1.3883321285247803, 1.3653199672698975, 1.343684434890747, 1.3164197206497192, 1.2964998483657837, 1.276119589805603, 1.2624953985214233, 1.2493349313735962, 1.2366424798965454, 1.2258473634719849, 1.2104815244674683, 1.1939506530761719, 1.1949422359466553, 1.1826744079589844, 1.170907735824585, 1.1647255420684814, 1.165403962135315, 1.1585066318511963, 1.1627652645111084, 1.133231520652771, 1.1365927457809448, 1.1416635513305664, 1.1336454153060913], "val_accuracy": [0.261904776096344, 0.3214285671710968, 0.261904776096344, 0.261904776096344, 0.2738095223903656, 0.3095238208770752, 0.3452380895614624, 0.3333333432674408, 0.2857142984867096, 0.369047611951828, 0.3333333432674408, 0.3333333432674408, 0.3571428656578064, 0.3571428656578064, 0.4047619104385376, 0.380952388048172, 0.4285714328289032, 0.4047619104385376, 0.380952388048172, 0.369047611951828, 0.4047619104385376, 0.4285714328289032, 0.4166666567325592, 0.4166666567325592, 0.4047619104385376, 0.3928571343421936, 0.4166666567325592, 0.488095223903656, 0.4404761791229248, 0.488095223903656, 0.4642857015132904, 0.4523809552192688, 0.4642857015132904]}