{"loss": [1.6994163990020752, 1.6291017532348633, 1.6265802383422852, 1.580767035484314, 1.553778052330017, 1.54201340675354, 1.4988816976547241, 1.4973796606063843, 1.4560385942459106, 1.4111213684082031, 1.3762118816375732, 1.374375820159912, 1.3249785900115967, 1.2931300401687622, 1.2415039539337158, 1.2468807697296143, 1.2020715475082397, 1.1857510805130005, 1.1631779670715332, 1.1385895013809204, 1.1370291709899902, 1.1106730699539185, 1.0885388851165771, 1.089127779006958, 1.0832099914550781, 1.0831902027130127, 1.0524722337722778, 1.065166711807251, 1.0551702976226807, 1.026573657989502, 1.0107287168502808, 1.002791166305542], "accuracy": [0.20114941895008087, 0.22701148688793182, 0.24137930572032928, 0.26436781883239746, 0.3045977056026459, 0.2945402264595032, 0.3649425208568573, 0.3433907926082611, 0.37787356972694397, 0.39080458879470825, 0.39080458879470825, 0.38936781883239746, 0.4195402264595032, 0.44396552443504333, 0.45402297377586365, 0.4655172526836395, 0.49281609058380127, 0.47413793206214905, 0.5344827771186829, 0.5071839094161987, 0.49425286054611206, 0.517241358757019, 0.5330459475517273, 0.4913793206214905, 0.5488505959510803, 0.5359195470809937, 0.5330459475517273, 0.5258620977401733, 0.5272988677024841, 0.5603448152542114, 0.5531609058380127, 0.5531609058380127], "val_loss": [1.595513105392456, 1.5735971927642822, 1.5511159896850586, 1.5291366577148438, 1.5045592784881592, 1.4707574844360352, 1.4390099048614502, 1.3990064859390259, 1.3580983877182007, 1.3189287185668945, 1.2785929441452026, 1.2355395555496216, 1.2083555459976196, 1.1636625528335571, 1.1223233938217163, 1.12435781955719, 1.1082180738449097, 1.0836641788482666, 1.0626775026321411, 1.085225224494934, 1.0503567457199097, 1.0426626205444336, 1.0342519283294678, 1.0007015466690063, 1.030420184135437, 0.9996220469474792, 1.001749873161316, 1.0251092910766602, 0.985256016254425, 1.0086686611175537, 0.9917232990264893, 0.990915834903717], "val_accuracy": [0.2261904776096344, 0.25, 0.25, 0.2976190447807312, 0.380952388048172, 0.380952388048172, 0.4047619104385376, 0.4285714328289032, 0.488095223903656, 0.4761904776096344, 0.4523809552192688, 0.511904776096344, 0.4761904776096344, 0.5476190447807312, 0.5476190447807312, 0.5357142686843872, 0.5595238208770752, 0.523809552192688, 0.5952380895614624, 0.5595238208770752, 0.5476190447807312, 0.5476190447807312, 0.6071428656578064, 0.5476190447807312, 0.5833333134651184, 0.5595238208770752, 0.5, 0.6190476417541504, 0.523809552192688, 0.5952380895614624, 0.511904776096344, 0.6309523582458496]}