{"loss": [1.8261160850524902, 1.6361477375030518, 1.6562083959579468, 1.6241360902786255, 1.5724014043807983, 1.5386117696762085, 1.4950186014175415, 1.4745044708251953, 1.4631233215332031, 1.396253228187561, 1.3892685174942017, 1.3512260913848877, 1.32614266872406, 1.2927517890930176, 1.2512744665145874, 1.2557703256607056, 1.2356314659118652, 1.1960902214050293, 1.1802473068237305, 1.2149832248687744, 1.203742504119873, 1.1661912202835083, 1.1514406204223633, 1.1201447248458862, 1.1194252967834473, 1.140411615371704, 1.1097004413604736, 1.0927728414535522, 1.0975724458694458, 1.1103401184082031, 1.0835660696029663, 1.0696394443511963, 1.0283215045928955, 1.0653884410858154, 1.0519793033599854, 1.0656795501708984, 1.0359289646148682], "accuracy": [0.1982758641242981, 0.23706896603107452, 0.25718390941619873, 0.25574713945388794, 0.28591954708099365, 0.32902297377586365, 0.3146551847457886, 0.3405172526836395, 0.3462643623352051, 0.37212643027305603, 0.3965517282485962, 0.4353448152542114, 0.39224138855934143, 0.43103447556495667, 0.45114943385124207, 0.4382183849811554, 0.4784482717514038, 0.5, 0.4813218414783478, 0.4597701132297516, 0.4612068831920624, 0.49281609058380127, 0.479885071516037, 0.5114942789077759, 0.5201149582862854, 0.49425286054611206, 0.5344827771186829, 0.5114942789077759, 0.5373563170433044, 0.5186781883239746, 0.5258620977401733, 0.5301724076271057, 0.5675287246704102, 0.5330459475517273, 0.5502873659133911, 0.5445402264595032, 0.5589080452919006], "val_loss": [1.561842918395996, 1.5248249769210815, 1.503899335861206, 1.4935176372528076, 1.4600732326507568, 1.432719111442566, 1.4047349691390991, 1.3851613998413086, 1.3640573024749756, 1.322837471961975, 1.2923014163970947, 1.2775431871414185, 1.2434720993041992, 1.216812252998352, 1.2005999088287354, 1.179933786392212, 1.1710035800933838, 1.1449846029281616, 1.1412979364395142, 1.1433405876159668, 1.1466892957687378, 1.1187249422073364, 1.1120758056640625, 1.111522912979126, 1.0960103273391724, 1.0896154642105103, 1.1047918796539307, 1.0822703838348389, 1.0791692733764648, 1.07291579246521, 1.0797885656356812, 1.0647766590118408, 1.0763899087905884, 1.0485455989837646, 1.0575041770935059, 1.048008918762207, 1.0513696670532227], "val_accuracy": [0.261904776096344, 0.3214285671710968, 0.3571428656578064, 0.3214285671710968, 0.380952388048172, 0.380952388048172, 0.380952388048172, 0.380952388048172, 0.380952388048172, 0.3928571343421936, 0.380952388048172, 0.3928571343421936, 0.380952388048172, 0.4047619104385376, 0.4404761791229248, 0.4761904776096344, 0.4761904776096344, 0.4761904776096344, 0.511904776096344, 0.488095223903656, 0.4761904776096344, 0.4761904776096344, 0.488095223903656, 0.5, 0.488095223903656, 0.4761904776096344, 0.511904776096344, 0.5, 0.5, 0.511904776096344, 0.5, 0.488095223903656, 0.5, 0.523809552192688, 0.5, 0.488095223903656, 0.5]}