{"loss": [1.6267547607421875, 1.5695067644119263, 1.5367052555084229, 1.4895089864730835, 1.4531145095825195, 1.411588430404663, 1.364030361175537, 1.2998838424682617, 1.282792091369629, 1.2553237676620483, 1.2114417552947998, 1.2110259532928467, 1.1532070636749268, 1.1384989023208618, 1.1313860416412354, 1.1005833148956299, 1.0820924043655396, 1.0752017498016357, 1.052962303161621, 1.0256292819976807, 1.0159200429916382, 1.0021096467971802, 0.9769852757453918, 0.9600183963775635, 0.9669696092605591, 0.9275875091552734, 0.9017667174339294, 0.914188802242279, 0.9200880527496338, 0.8768606781959534, 0.8452630639076233, 0.855380117893219, 0.8197858929634094, 0.7973089814186096, 0.7863013744354248], "accuracy": [0.2399425357580185, 0.2686781585216522, 0.2902298867702484, 0.354885071516037, 0.354885071516037, 0.3563218414783478, 0.4051724076271057, 0.4267241358757019, 0.38936781883239746, 0.45114943385124207, 0.45258620381355286, 0.44252872467041016, 0.4468390941619873, 0.49712643027305603, 0.5014367699623108, 0.5, 0.5387930870056152, 0.517241358757019, 0.5316091775894165, 0.5660919547080994, 0.5387930870056152, 0.5445402264595032, 0.5646551847457886, 0.5775862336158752, 0.5833333134651184, 0.5775862336158752, 0.6149425506591797, 0.6048850417137146, 0.5962643623352051, 0.6005747318267822, 0.625, 0.6307471394538879, 0.6594827771186829, 0.6264367699623108, 0.6436781883239746], "val_loss": [1.544180154800415, 1.4951802492141724, 1.4536361694335938, 1.3992249965667725, 1.3552348613739014, 1.303272008895874, 1.263314962387085, 1.223804235458374, 1.1939798593521118, 1.164072871208191, 1.1334099769592285, 1.1350069046020508, 1.0961419343948364, 1.0946829319000244, 1.0619535446166992, 1.0627089738845825, 1.0429624319076538, 1.052315354347229, 1.0286191701889038, 1.0111404657363892, 1.0233724117279053, 0.9866335988044739, 1.0177613496780396, 0.9730679392814636, 0.9667812585830688, 0.9736513495445251, 0.9824032783508301, 0.9374504089355469, 0.9304761290550232, 0.9737077355384827, 0.9179491400718689, 0.9136664867401123, 0.9147295355796814, 0.9288666248321533, 0.9329964518547058], "val_accuracy": [0.3095238208770752, 0.3452380895614624, 0.3571428656578064, 0.3333333432674408, 0.4404761791229248, 0.4642857015132904, 0.4523809552192688, 0.4523809552192688, 0.4523809552192688, 0.4047619104385376, 0.4404761791229248, 0.4761904776096344, 0.4523809552192688, 0.4523809552192688, 0.523809552192688, 0.4642857015132904, 0.5476190447807312, 0.523809552192688, 0.5476190447807312, 0.523809552192688, 0.5595238208770752, 0.511904776096344, 0.5833333134651184, 0.5595238208770752, 0.5357142686843872, 0.5476190447807312, 0.5952380895614624, 0.5357142686843872, 0.5833333134651184, 0.5952380895614624, 0.6071428656578064, 0.6190476417541504, 0.5952380895614624, 0.5833333134651184, 0.6071428656578064]}