{"loss": [1.7900428771972656, 1.6927306652069092, 1.6283975839614868, 1.6042641401290894, 1.5615968704223633, 1.5450036525726318, 1.5133051872253418, 1.4699225425720215, 1.447688102722168, 1.4183056354522705, 1.3715018033981323, 1.3538005352020264, 1.3469843864440918, 1.286199688911438, 1.262354850769043, 1.2508280277252197, 1.1871397495269775, 1.2140690088272095, 1.1754297018051147, 1.1767138242721558, 1.16347074508667, 1.1381148099899292, 1.1328985691070557, 1.1144133806228638, 1.0799040794372559, 1.0939000844955444, 1.065114140510559, 1.0368340015411377, 1.0329855680465698, 1.050047755241394, 1.0323328971862793, 0.9884768128395081, 0.9997813105583191, 1.0009599924087524, 0.9722304344177246, 0.9808814525604248, 0.9649834632873535, 0.9399222135543823, 0.9728571772575378, 0.9321346282958984, 0.9061563611030579], "accuracy": [0.19109195470809937, 0.21551723778247833, 0.23419539630413055, 0.2399425357580185, 0.2801724076271057, 0.28735631704330444, 0.3204022943973541, 0.36063218116760254, 0.3864942491054535, 0.37068966031074524, 0.41091954708099365, 0.4066092073917389, 0.395114928483963, 0.4396551847457886, 0.45114943385124207, 0.4612068831920624, 0.49712643027305603, 0.4554597735404968, 0.48275861144065857, 0.4784482717514038, 0.47557470202445984, 0.5143678188323975, 0.49425286054611206, 0.5301724076271057, 0.5330459475517273, 0.5244252681732178, 0.5330459475517273, 0.5474137663841248, 0.5502873659133911, 0.5431034564971924, 0.5675287246704102, 0.5933908224105835, 0.5890804529190063, 0.5761494040489197, 0.5919540524482727, 0.5919540524482727, 0.6005747318267822, 0.6034482717514038, 0.5732758641242981, 0.6120689511299133, 0.625], "val_loss": [1.597796082496643, 1.5639405250549316, 1.5327411890029907, 1.5068238973617554, 1.4892122745513916, 1.4659029245376587, 1.444645643234253, 1.410841941833496, 1.3706166744232178, 1.3444459438323975, 1.3148829936981201, 1.2613476514816284, 1.2498748302459717, 1.220149040222168, 1.189197301864624, 1.1648603677749634, 1.1789965629577637, 1.1312248706817627, 1.1572039127349854, 1.1091150045394897, 1.1141290664672852, 1.0923871994018555, 1.0956748723983765, 1.0838136672973633, 1.098369836807251, 1.0628185272216797, 1.0734517574310303, 1.0741461515426636, 1.0588217973709106, 1.0640262365341187, 1.0263497829437256, 1.0360357761383057, 1.0242958068847656, 1.0463474988937378, 1.0034373998641968, 1.0416574478149414, 1.0067322254180908, 0.9772831201553345, 1.0492324829101562, 0.9847102165222168, 0.9799515604972839], "val_accuracy": [0.261904776096344, 0.261904776096344, 0.3095238208770752, 0.3095238208770752, 0.3333333432674408, 0.3333333432674408, 0.2976190447807312, 0.3452380895614624, 0.4166666567325592, 0.3928571343421936, 0.4047619104385376, 0.4404761791229248, 0.4404761791229248, 0.4523809552192688, 0.4523809552192688, 0.4166666567325592, 0.4404761791229248, 0.4523809552192688, 0.4047619104385376, 0.4761904776096344, 0.4404761791229248, 0.488095223903656, 0.4761904776096344, 0.488095223903656, 0.4523809552192688, 0.5, 0.4761904776096344, 0.4523809552192688, 0.511904776096344, 0.5, 0.5, 0.523809552192688, 0.5, 0.511904776096344, 0.5714285969734192, 0.5, 0.523809552192688, 0.5952380895614624, 0.5, 0.5595238208770752, 0.5476190447807312]}