{"loss": [1.767072081565857, 1.7033225297927856, 1.6458625793457031, 1.6497366428375244, 1.629482626914978, 1.6211751699447632, 1.585179328918457, 1.5712450742721558, 1.5546478033065796, 1.5189461708068848, 1.51985764503479, 1.505112886428833, 1.4844167232513428, 1.4609777927398682, 1.4539541006088257, 1.4580323696136475, 1.429711937904358, 1.395962119102478, 1.3914819955825806, 1.356699824333191, 1.3440334796905518, 1.3396008014678955, 1.3268123865127563, 1.283587098121643, 1.28826105594635, 1.2774085998535156, 1.2735717296600342, 1.2652137279510498, 1.266692042350769, 1.2454979419708252, 1.254641056060791, 1.241839051246643, 1.2104072570800781, 1.1946287155151367, 1.1951384544372559, 1.1996042728424072, 1.1874357461929321, 1.2026220560073853, 1.1894209384918213, 1.1807090044021606, 1.1398460865020752, 1.1353596448898315, 1.2168378829956055, 1.1507818698883057, 1.1096752882003784, 1.1233960390090942, 1.127657413482666, 1.0846165418624878, 1.1273847818374634, 1.1093577146530151], "accuracy": [0.18390804529190063, 0.2068965584039688, 0.2600574791431427, 0.2083333283662796, 0.2284482717514038, 0.2514367699623108, 0.272988498210907, 0.3031609058380127, 0.3117816150188446, 0.3218390941619873, 0.30747127532958984, 0.3448275923728943, 0.3534482717514038, 0.3735632300376892, 0.3563218414783478, 0.35919541120529175, 0.3663793206214905, 0.37787356972694397, 0.397988498210907, 0.44109195470809937, 0.4080459773540497, 0.4066092073917389, 0.41235631704330444, 0.4655172526836395, 0.4367816150188446, 0.4454022943973541, 0.45258620381355286, 0.44109195470809937, 0.4597701132297516, 0.4382183849811554, 0.44252872467041016, 0.4712643623352051, 0.4655172526836395, 0.477011501789093, 0.477011501789093, 0.48563218116760254, 0.47413793206214905, 0.4712643623352051, 0.4813218414783478, 0.4899425208568573, 0.5143678188323975, 0.4985632300376892, 0.45402297377586365, 0.49712643027305603, 0.5201149582862854, 0.49712643027305603, 0.5129310488700867, 0.5373563170433044, 0.5071839094161987, 0.5129310488700867], "val_loss": [1.667051076889038, 1.6352853775024414, 1.6108988523483276, 1.5884740352630615, 1.568442940711975, 1.5499547719955444, 1.5329656600952148, 1.5156973600387573, 1.499182105064392, 1.4825078248977661, 1.466493844985962, 1.4480187892913818, 1.4301261901855469, 1.411385416984558, 1.3918955326080322, 1.370286464691162, 1.350782036781311, 1.328549861907959, 1.3075766563415527, 1.2884106636047363, 1.2680033445358276, 1.2484315633773804, 1.232574462890625, 1.218808650970459, 1.2003215551376343, 1.1868680715560913, 1.1814970970153809, 1.1663659811019897, 1.1579701900482178, 1.152085542678833, 1.1475104093551636, 1.1420120000839233, 1.1415461301803589, 1.1336978673934937, 1.1268292665481567, 1.1162306070327759, 1.1084622144699097, 1.1108499765396118, 1.1127982139587402, 1.1030827760696411, 1.0968937873840332, 1.0925272703170776, 1.0976098775863647, 1.0898634195327759, 1.0818811655044556, 1.0803501605987549, 1.0781797170639038, 1.0679773092269897, 1.064375877380371, 1.0664925575256348], "val_accuracy": [0.1190476194024086, 0.2023809552192688, 0.2261904776096344, 0.2261904776096344, 0.2976190447807312, 0.3095238208770752, 0.3095238208770752, 0.3571428656578064, 0.4047619104385376, 0.3928571343421936, 0.4166666567325592, 0.4404761791229248, 0.4166666567325592, 0.4523809552192688, 0.4404761791229248, 0.4642857015132904, 0.4761904776096344, 0.4523809552192688, 0.4523809552192688, 0.488095223903656, 0.488095223903656, 0.5, 0.5, 0.5357142686843872, 0.5, 0.488095223903656, 0.523809552192688, 0.523809552192688, 0.511904776096344, 0.523809552192688, 0.5476190447807312, 0.5357142686843872, 0.523809552192688, 0.523809552192688, 0.523809552192688, 0.5357142686843872, 0.523809552192688, 0.5357142686843872, 0.5, 0.511904776096344, 0.523809552192688, 0.511904776096344, 0.5, 0.5, 0.511904776096344, 0.511904776096344, 0.523809552192688, 0.5357142686843872, 0.511904776096344, 0.488095223903656]}