{"loss": [1.751165747642517, 1.7460873126983643, 1.7242817878723145, 1.7399489879608154, 1.7339696884155273, 1.6824642419815063, 1.6796056032180786, 1.6955246925354004, 1.6422382593154907, 1.6662386655807495, 1.6658532619476318, 1.6233766078948975, 1.6524885892868042, 1.6245783567428589, 1.621719479560852, 1.6355818510055542, 1.5943269729614258, 1.5946378707885742, 1.5633240938186646, 1.5907074213027954, 1.6025285720825195, 1.5707508325576782, 1.5449525117874146, 1.5878562927246094, 1.5667083263397217, 1.570340871810913, 1.5572348833084106, 1.5217764377593994, 1.520552158355713, 1.5081068277359009, 1.526450514793396, 1.498225450515747, 1.502367615699768, 1.4948045015335083, 1.4924514293670654, 1.5253313779830933, 1.500454306602478, 1.4558875560760498, 1.4698703289031982, 1.451587200164795, 1.467300295829773, 1.4629666805267334, 1.4016168117523193, 1.4413052797317505, 1.4387753009796143, 1.4400765895843506, 1.4783213138580322, 1.4333171844482422, 1.4488104581832886, 1.4235209226608276], "accuracy": [0.20114941895008087, 0.2198275923728943, 0.2083333283662796, 0.19971264898777008, 0.19252873957157135, 0.2284482717514038, 0.23563218116760254, 0.24425287544727325, 0.25431033968925476, 0.25, 0.24137930572032928, 0.25, 0.2514367699623108, 0.270114928483963, 0.28591954708099365, 0.2298850566148758, 0.27586206793785095, 0.27442529797554016, 0.29885056614875793, 0.2844827473163605, 0.27442529797554016, 0.27442529797554016, 0.2916666567325592, 0.28735631704330444, 0.28735631704330444, 0.2931034564971924, 0.3031609058380127, 0.3405172526836395, 0.31752872467041016, 0.3304597735404968, 0.32614943385124207, 0.33764368295669556, 0.3347701132297516, 0.35775861144065857, 0.3218390941619873, 0.3146551847457886, 0.33764368295669556, 0.37787356972694397, 0.37068966031074524, 0.38218390941619873, 0.3649425208568573, 0.36063218116760254, 0.4295977056026459, 0.3563218414783478, 0.37212643027305603, 0.34913793206214905, 0.36781609058380127, 0.3836206793785095, 0.37068966031074524, 0.38074713945388794], "val_loss": [1.6322152614593506, 1.6201822757720947, 1.6088104248046875, 1.5989930629730225, 1.5878794193267822, 1.577269196510315, 1.5665781497955322, 1.5570220947265625, 1.547803282737732, 1.5388383865356445, 1.529865026473999, 1.5207760334014893, 1.511536717414856, 1.5029634237289429, 1.494924783706665, 1.486764669418335, 1.478986144065857, 1.4723848104476929, 1.464310646057129, 1.4566640853881836, 1.449845314025879, 1.4437062740325928, 1.437276005744934, 1.4314885139465332, 1.4241586923599243, 1.4178193807601929, 1.4122554063796997, 1.4061847925186157, 1.4001585245132446, 1.3949085474014282, 1.3887789249420166, 1.3839995861053467, 1.3783493041992188, 1.373124599456787, 1.3675005435943604, 1.3621073961257935, 1.3582549095153809, 1.3543521165847778, 1.3498504161834717, 1.3448801040649414, 1.3395421504974365, 1.3345988988876343, 1.330341100692749, 1.3264659643173218, 1.3222808837890625, 1.3180654048919678, 1.31536066532135, 1.312272071838379, 1.3081516027450562, 1.3045847415924072], "val_accuracy": [0.261904776096344, 0.2738095223903656, 0.2857142984867096, 0.3095238208770752, 0.3333333432674408, 0.3333333432674408, 0.3333333432674408, 0.3333333432674408, 0.3452380895614624, 0.3571428656578064, 0.369047611951828, 0.4047619104385376, 0.3928571343421936, 0.4047619104385376, 0.4166666567325592, 0.4166666567325592, 0.4285714328289032, 0.4404761791229248, 0.4285714328289032, 0.4285714328289032, 0.4285714328289032, 0.4285714328289032, 0.4166666567325592, 0.4166666567325592, 0.4285714328289032, 0.4285714328289032, 0.4285714328289032, 0.4404761791229248, 0.4285714328289032, 0.4404761791229248, 0.4523809552192688, 0.4523809552192688, 0.4404761791229248, 0.4404761791229248, 0.4404761791229248, 0.4523809552192688, 0.4404761791229248, 0.4404761791229248, 0.4047619104385376, 0.3928571343421936, 0.4285714328289032, 0.4404761791229248, 0.4642857015132904, 0.4642857015132904, 0.488095223903656, 0.488095223903656, 0.4642857015132904, 0.4404761791229248, 0.4523809552192688, 0.4404761791229248]}