{"loss": [1.7258806228637695, 1.6455199718475342, 1.5813981294631958, 1.5618178844451904, 1.5518172979354858, 1.5138404369354248, 1.4945614337921143, 1.4362620115280151, 1.3842097520828247, 1.3332270383834839, 1.309626817703247, 1.2853258848190308, 1.2246516942977905, 1.235509991645813, 1.1933376789093018, 1.2170358896255493, 1.1734132766723633, 1.1350733041763306, 1.0889095067977905, 1.0928292274475098, 1.0847030878067017, 1.051297903060913, 1.0210630893707275, 1.0215749740600586, 1.0072089433670044, 0.9939911961555481, 0.97507643699646, 0.9765965342521667, 0.9517714381217957, 0.9265901446342468, 0.9327437281608582, 0.9141073822975159, 0.9006233811378479, 0.8637911677360535, 0.9189415574073792], "accuracy": [0.21120689809322357, 0.24712643027305603, 0.270114928483963, 0.27729883790016174, 0.2945402264595032, 0.30890804529190063, 0.3304597735404968, 0.3635057508945465, 0.36925286054611206, 0.4181034564971924, 0.4252873659133911, 0.42385056614875793, 0.4612068831920624, 0.4482758641242981, 0.46408045291900635, 0.45114943385124207, 0.479885071516037, 0.5244252681732178, 0.5244252681732178, 0.5359195470809937, 0.5301724076271057, 0.5574712753295898, 0.545976996421814, 0.5660919547080994, 0.5675287246704102, 0.556034505367279, 0.5977011322975159, 0.584770143032074, 0.5876436829566956, 0.5991379022598267, 0.5919540524482727, 0.6178160905838013, 0.6034482717514038, 0.6522988677024841, 0.6206896305084229], "val_loss": [1.6313120126724243, 1.577294111251831, 1.5401482582092285, 1.5058023929595947, 1.4695430994033813, 1.4372934103012085, 1.4027338027954102, 1.3591221570968628, 1.3129593133926392, 1.273715853691101, 1.2396507263183594, 1.203263282775879, 1.1823266744613647, 1.1496033668518066, 1.153808355331421, 1.1245818138122559, 1.1205663681030273, 1.0944560766220093, 1.0842570066452026, 1.0757520198822021, 1.0761358737945557, 1.053274393081665, 1.0419940948486328, 1.0343530178070068, 1.0283011198043823, 1.0242085456848145, 1.017645001411438, 1.0207750797271729, 1.0083906650543213, 1.0018889904022217, 1.0066641569137573, 0.9849451184272766, 0.9846318364143372, 0.9892269372940063, 0.992700457572937], "val_accuracy": [0.2023809552192688, 0.261904776096344, 0.261904776096344, 0.2857142984867096, 0.2976190447807312, 0.3571428656578064, 0.3214285671710968, 0.3452380895614624, 0.3571428656578064, 0.3452380895614624, 0.3452380895614624, 0.4047619104385376, 0.3928571343421936, 0.4404761791229248, 0.3928571343421936, 0.4523809552192688, 0.4285714328289032, 0.4761904776096344, 0.5, 0.4642857015132904, 0.4642857015132904, 0.4285714328289032, 0.4523809552192688, 0.4761904776096344, 0.4523809552192688, 0.4642857015132904, 0.5, 0.4761904776096344, 0.5, 0.511904776096344, 0.523809552192688, 0.523809552192688, 0.5, 0.5357142686843872, 0.5357142686843872]}