{"loss": [1.726828694343567, 1.6095982789993286, 1.5965286493301392, 1.5645856857299805, 1.5184515714645386, 1.496735692024231, 1.4476791620254517, 1.412340760231018, 1.4105859994888306, 1.3663743734359741, 1.309262990951538, 1.2626571655273438, 1.2630606889724731, 1.234656810760498, 1.200374960899353, 1.1800320148468018, 1.1580380201339722, 1.1462490558624268, 1.1366443634033203, 1.0863114595413208, 1.0900779962539673, 1.0535939931869507, 1.0596967935562134, 1.0444403886795044, 1.017950177192688, 1.017495036125183, 0.9880284070968628, 0.9570271372795105, 0.9208051562309265, 0.9430589079856873, 0.9418615698814392, 0.8956320881843567, 0.881346583366394, 0.908399760723114, 0.8653194308280945, 0.8641930222511292, 0.8340659141540527, 0.8247500658035278, 0.811362624168396, 0.8004165887832642, 0.7732389569282532], "accuracy": [0.20114941895008087, 0.2686781585216522, 0.25287356972694397, 0.26293104887008667, 0.3204022943973541, 0.3218390941619873, 0.38793104887008667, 0.36925286054611206, 0.34913793206214905, 0.36063218116760254, 0.4094827473163605, 0.41235631704330444, 0.44109195470809937, 0.4468390941619873, 0.45258620381355286, 0.4468390941619873, 0.4899425208568573, 0.4597701132297516, 0.47270116209983826, 0.5158045887947083, 0.5201149582862854, 0.5301724076271057, 0.5373563170433044, 0.5474137663841248, 0.5445402264595032, 0.5445402264595032, 0.584770143032074, 0.584770143032074, 0.6235632300376892, 0.5977011322975159, 0.5747126340866089, 0.5919540524482727, 0.6278735399246216, 0.6048850417137146, 0.6379310488700867, 0.6379310488700867, 0.6594827771186829, 0.6580459475517273, 0.6609195470809937, 0.6910919547080994, 0.6839080452919006], "val_loss": [1.5654833316802979, 1.5423593521118164, 1.507390022277832, 1.472050428390503, 1.4403613805770874, 1.3978735208511353, 1.3508830070495605, 1.302464246749878, 1.2567002773284912, 1.2351804971694946, 1.1860685348510742, 1.1775075197219849, 1.1323398351669312, 1.1264948844909668, 1.1142054796218872, 1.0950781106948853, 1.0690141916275024, 1.0867478847503662, 1.0648431777954102, 1.0442742109298706, 1.0326170921325684, 1.0112909078598022, 0.9998919367790222, 0.987766444683075, 0.9935362935066223, 0.9932396411895752, 0.9723708033561707, 0.996641993522644, 0.9554710388183594, 0.9489161372184753, 0.9497876167297363, 0.9375352263450623, 0.9410077333450317, 0.906643807888031, 0.8965824842453003, 0.9090133905410767, 0.8977440595626831, 0.8805934190750122, 0.8904901146888733, 0.9047636985778809, 0.8828107714653015], "val_accuracy": [0.3452380895614624, 0.380952388048172, 0.3333333432674408, 0.4166666567325592, 0.3452380895614624, 0.380952388048172, 0.380952388048172, 0.380952388048172, 0.4285714328289032, 0.3928571343421936, 0.4166666567325592, 0.3571428656578064, 0.4166666567325592, 0.4285714328289032, 0.380952388048172, 0.3928571343421936, 0.4523809552192688, 0.4166666567325592, 0.4523809552192688, 0.4404761791229248, 0.4642857015132904, 0.4642857015132904, 0.5, 0.511904776096344, 0.511904776096344, 0.5, 0.4761904776096344, 0.5357142686843872, 0.5, 0.488095223903656, 0.511904776096344, 0.5476190447807312, 0.523809552192688, 0.5714285969734192, 0.5595238208770752, 0.5833333134651184, 0.5952380895614624, 0.5833333134651184, 0.5595238208770752, 0.5476190447807312, 0.5714285969734192]}